{
    "loss": 16.966995239257812,
    "accuracy": 0.3099229633808136
}