{
    "loss": 8.508334159851074,
    "accuracy": 0.690077006816864
}