{
    "loss": 9.449764251708984,
    "accuracy": 0.690077006816864
}