{
    "loss": 3.181607723236084,
    "accuracy": 0.7240598201751709
}